LOCALITY,BHK,SQ. FT,CONDITION ,RENT
ANNA NAGAR ,0,250,0,8000
ANNA NAGAR ,0,600,0,11000
ANNA NAGAR ,0,100,0,6000
ANNA NAGAR ,0,200,0,7000
ANNA NAGAR ,0,400,1,15000
ANNA NAGAR ,1,600,1,15000
ANNA NAGAR ,1,600,0,17500
ANNA NAGAR ,1,650,0,8500
ANNA NAGAR ,1,800,1,25000
ANNA NAGAR ,1,1000,0,15000
ANNA NAGAR ,1,600,1,20000
ANNA NAGAR ,2,900,0,26000
ANNA NAGAR ,2,1100,0,20000
ANNA NAGAR ,2,1000,0,20000
ANNA NAGAR ,2,1500,1,38000
ANNA NAGAR ,2,1000,0,22000
ANNA NAGAR ,2,1100,1,13000
ANNA NAGAR ,3,2000,1,70000
ANNA NAGAR ,3,1600,1,30000
ANNA NAGAR ,3,1000,0,35000
ANNA NAGAR ,3,900,0,22000
ANNA NAGAR ,3,1800,1,50000
ANNA NAGAR ,3,1300,1,45000
T NAGAR,0,300,0,12000
T NAGAR,0,150,1,7000
T NAGAR,0,300,1,21000
T NAGAR,0,450,0,10000
T NAGAR,0,300,0,8000
T NAGAR,0,350,0,13000
T NAGAR,1,580,1,25000
T NAGAR,1,600,0,15000
T NAGAR,1,400,0,10000
T NAGAR,1,400,1,20000
T NAGAR,1,720,1,24000
T NAGAR,1,500,1,17500
T NAGAR,2,800,1,32000
T NAGAR,2,750,0,20000
T NAGAR,2,900,0,30000
T NAGAR,2,750,1,30000
T NAGAR,2,500,0,22000
T NAGAR,2,800,1,27000
T NAGAR,3,1100,1,42000
T NAGAR,3,1600,1,50000
T NAGAR,3,1200,1,45000
T NAGAR,3,2500,1,90000
T NAGAR,3,950,1,25000
T NAGAR,3,1600,1,46000
ADYAR,0,120,1,8500
ADYAR,0,250,0,7000
ADYAR,0,150,0,5500
ADYAR,0,400,1,8000
ADYAR,0,300,1,6000
ADYAR,0,200,0,6500
ADYAR,1,600,1,30000
ADYAR ,1,800,1,20000
ADYAR,1,350,0,12000
ADYAR,1,900,0,9500
ADYAR,1,450,1,11000
ADYAR,1,350,0,10000
ADYAR,2,1618,1,50000
ADYAR,2,500,1,16000
ADYAR,2,650,1,20000
ADYAR,2,800,0,24000
ADYAR,2,1650,1,77000
ADYAR,2,800,1,20000
ADYAR,3,2200,1,60000
ADYAR,3,1264,1,60000
ADYAR,3,2200,1,70000
ADYAR,3,1300,0,50000
ADYAR,3,1600,1,57500
ADYAR,3,1360,1,60000
VELACHERY,0,150,1,8000
VELACHERY ,0,150,0,7000
VELACHERY,0,500,1,15500
VELACHERY,0,275,1,5000
VELACHERY,0,300,0,12000
VELACHERY,0,250,0,6000
VELACHERY,1,500,0,14000
VELACHERY,1,250,0,13000
VELACHERY,1,650,1,16000
VELACHERY,1,450,0,7500
VELACHERY,1,900,1,13500
VELACHERY,1,400,0,10000
VELACHERY,2,1000,0,25500
VELACHERY,2,700,0,25000
VELACHERY,2,1000,1,30000
VELACHERY,2,900,1,22000
VELACHERY,2,950,1,20000
VELACHERY,2,800,1,800
VELACHERY,3,1100,1,35000
VELACHERY,3,1750,1,40000
VELACHERY,3,1200,1,30000
VELACHERY,3,1150,1,35000
VELACHERY,3,1500,1,35000
VELACHERY,3,1200,0,20000
BESANT NAGAR,0,350,0,6000
BESANT NAGAR,0,350,0,9000
BESANT NAGAR,0,100,0,7000
BESANT NAGAR,0,250,0,4000
BESANT NAGAR,0,400,0,5000
BESANT NAGAR,0,350,0,10000
BESANT NAGAR,1,500,0,7000
BESANT NAGAR,1,600,0,15000
BESANT NAGAR,1,350,1,12500
BESANT NAGAR,1,450,0,13000
BESANT NAGAR,1,500,0,15500
BESANT NAGAR,1,600,0,12000
BESANT NAGAR,2,700,0,30000
BESANT NAGAR,2,1300,1,65000
BESANT NAGAR,2,900,1,30000
BESANT NAGAR,2,1100,1,37000
BESANT NAGAR,2,750,1,24000
BESANT NAGAR,2,1000,0,30000
BESANT NAGAR,3,1400,1,50000
BESANT NAGAR,3,1500,1,80000
BESANT NAGAR,3,1573,1,85000
BESANT NAGAR,3,1050,0,40000
BESANT NAGAR,3,1900,1,70000
BESANT NAGAR,3,1500,1,40000
MYLAPORE,0,200,0,5000
MYLAPORE,0,300,0,8000
MYLAPORE,0,500,1,8500
MYLAPORE,0,200,1,7000
MYLAPORE,0,200,0,8000
MYLAPORE,0,300,0,9000
MYLAPORE,1,550,1,19000
MYLAPORE,1,400,0,15000
MYLAPORE,1,450,0,12000
MYLAPORE,1,700,0,10000
MYLAPORE,1,450,0,15000
MYLAPORE,1,650,0,20000
MYLAPORE,2,600,1,14500
MYLAPORE,2,600,1,18000
MYLAPORE,2,800,0,22000
MYLAPORE,2,700,1,25000
MYLAPORE,2,660,1,27000
MYLAPORE,2,750,0,22000
MYLAPORE,3,1200,0,30000
MYLAPORE,3,1000,1,38000
MYLAPORE,3,1200,0,40000
MYLAPORE,3,14000,0,60000
MYLAPORE,3,1700,1,65000
MYLAPORE,3,1500,1,75000
NUNGAMBAKKAM,0,350,1,15000
NUNGAMBAKKAM,0,250,0,8500
NUNGAMBAKKAM,0,280,0,14000
NUNGAMBAKKAM,0,250,0,5000
NUNGAMBAKKAM,0,400,1,10000
NUNGAMBAKKAM,0,200,1,10000
NUNGAMBAKKAM,1,500,1,15000
NUNGAMBAKKAM,1,510,1,17000
NUNGAMBAKKAM,1,1000,0,20000
NUNGAMBAKKAM,1,700,0,20000
NUNGAMBAKKAM,1,950,1,35000
NUNGAMBAKKAM,1,500,1,15500
NUNGAMBAKKAM,2,1100,1,44000
NUNGAMBAKKAM,2,950,1,38000
NUNGAMBAKKAM,2,1100,1,35000
NUNGAMBAKKAM,2,850,0,30000
NUNGAMBAKKAM,2,1000,1,20000
NUNGAMBAKKAM,2,890,0,35000
NUNGAMBAKKAM,3,1035,1,40000
NUNGAMBAKKAM,3,1260,1,40000
NUNGAMBAKKAM,3,1000,1,35000
NUNGAMBAKKAM,3,1260,1,39000
NUNGAMBAKKAM,3,1100,0,30000
NUNGAMBAKKAM,3,1200,0,35000
KODAMBAKKAM,0,400,0,7000
KODAMBAKKAM,0,400,0,3500
KODAMBAKKAM,0,450,1,6500
KODAMBAKKAM,0,204,0,7000
KODAMBAKKAM,0,250,0,6000
KODAMBAKKAM,0,500,0,7500
KODAMBAKKAM,1,500,0,8000
KODAMBAKKAM,1,400,0,7000
KODAMBAKKAM,1,450,1,16000
KODAMBAKKAM,1,450,0,15000
KODAMBAKKAM,1,500,0,9000
KODAMBAKKAM,1,300,0,15000
KODAMBAKKAM,2,1200,1,23000
KODAMBAKKAM,2,800,1,25000
KODAMBAKKAM,2,750,0,22000
KODAMBAKKAM,2,1000,0,23000
KODAMBAKKAM,2,800,1,23000
KODAMBAKKAM,2,1000,1,35000
KODAMBAKKAM,3,2400,1,75000
KODAMBAKKAM,3,1200,1,35000
KODAMBAKKAM,3,1500,1,35000
KODAMBAKKAM,3,1050,1,35000
KODAMBAKKAM,3,1350,1,42000
KODAMBAKKAM,3,2700,1,43000
ASHOK NAGAR,0,120,0,6000
ASHOK NAGAR,0,200,0,4000
ASHOK NAGAR,0,200,0,6000
ASHOK NAGAR,0,150,0,6000
ASHOK NAGAR,0,530,1,13000
ASHOK NAGAR,0,200,0,4000
ASHOK NAGAR,1,400,0,20000
ASHOK NAGAR,1,750,0,12000
ASHOK NAGAR,1,450,1,15000
ASHOK NAGAR,1,460,1,15000
ASHOK NAGAR,1,550,1,18000
ASHOK NAGAR,1,500,1,20000
ASHOK NAGAR,2,1045,1,32000
ASHOK NAGAR,2,700,1,20000
ASHOK NAGAR,2,1100,1,29000
ASHOK NAGAR,2,750,1,25000
ASHOK NAGAR,2,1100,1,26000
ASHOK NAGAR,2,720,0,22000
ASHOK NAGAR,3,1200,1,35000
ASHOK NAGAR,3,2200,0,30000
ASHOK NAGAR,3,1795,0,48000
ASHOK NAGAR,3,1470,1,50000
ASHOK NAGAR,3,2300,1,58000
ASHOK NAGAR,3,1340,1,80000
SAIDAPET,0,240,0,6500
SAIDAPET,0,120,0,5500
SAIDAPET,0,200,0,5000
SAIDAPET,0,350,0,9500
SAIDAPET,0,300,0,6000
SAIDAPET,0,380,0,7000
SAIDAPET,1,600,0,15000
SAIDAPET,1,400,0,13000
SAIDAPET,1,600,0,15000
SAIDAPET,1,550,0,9000
SAIDAPET,1,400,0,5000
SAIDAPET,1,550,1,15000
SAIDAPET,2,700,0,24000
SAIDAPET,2,950,0,30000
SAIDAPET,2,800,0,12000
SAIDAPET,2,1200,1,22000
SAIDAPET,2,760,1,20000
SAIDAPET,2,850,1,20000
SAIDAPET,3,1700,1,40000
SAIDAPET,3,1500,1,42000
SAIDAPET,3,1200,0,38000
SAIDAPET,3,1250,1,25000
SAIDAPET,3,1000,1,30000
SAIDAPET,3,1480,1,35000
GUINDY,0,350,0,7000
GUINDY,0,180,0,7500
GUINDY,0,200,1,7500
GUINDY,0,400,1,9000
GUINDY,0,250,0,5000
GUINDY,0,200,0,7000
GUINDY,1,550,1,9000
GUINDY,1,600,1,13500
GUINDY,1,400,0,15000
GUINDY,1,450,0,15000
GUINDY,1,400,1,20000
GUINDY,1,600,0,15000
GUINDY,2,800,0,20000
GUINDY,2,1205,1,85000
GUINDY,2,700,1,45000
GUINDY,2,650,1,32000
GUINDY,2,650,1,40000
GUINDY,2,900,1,30000
GUINDY,3,1600,1,58000
GUINDY,3,1500,1,60000
GUINDY,3,1700,1,48000
GUINDY,3,2000,0,50000
GUINDY,3,1100,1,37000
GUINDY,3,1000,0,30000
TEYNAMPET,0,250,1,15000
TEYNAMPET,0,430,1,18500
TEYNAMPET,0,250,0,6000
TEYNAMPET,0,180,0,5500
TEYNAMPET,0,300,0,8000
TEYNAMPET,0,150,0,6000
TEYNAMPET,1,450,0,14500
TEYNAMPET,1,450,0,10000
TEYNAMPET,1,600,1,24000
TEYNAMPET,1,400,1,7000
TEYNAMPET,1,400,0,12000
TEYNAMPET,1,450,0,14000
TEYNAMPET,2,700,0,20000
TEYNAMPET,2,750,1,20000
TEYNAMPET,2,1070,1,40000
TEYNAMPET,2,1300,1,75000
TEYNAMPET,2,700,1,30000
TEYNAMPET,2,1000,0,25000
TEYNAMPET,3,1200,1,40000
TEYNAMPET,3,2295,0,90000
TEYNAMPET,3,1130,1,41000
TEYNAMPET,3,1300,1,50000
TEYNAMPET,3,1400,1,40000
TEYNAMPET,3,1400,1,65000
ROYAPETTAH,0,300,1,7000
ROYAPETTAH,0,250,1,4000
ROYAPETTAH,0,300,0,12000
ROYAPETTAH,0,200,0,6000
ROYAPETTAH,0,200,0,7500
ROYAPETTAH,0,350,0,5000
ROYAPETTAH,1,350,1,10000
ROYAPETTAH,1,700,0,13000
ROYAPETTAH,1,500,0,17000
ROYAPETTAH,1,450,1,20000
ROYAPETTAH,1,500,0,3000
ROYAPETTAH,1,365,1,13000
ROYAPETTAH,2,1050,1,35000
ROYAPETTAH,2,500,0,12000
ROYAPETTAH,2,700,0,15000
ROYAPETTAH,2,850,1,23000
ROYAPETTAH,2,1200,0,17000
ROYAPETTAH,2,700,0,5000
ROYAPETTAH,3,1550,1,65000
ROYAPETTAH,3,1440,0,30000
ROYAPETTAH,3,1270,1,50000
ROYAPETTAH,3,1440,0,30000
ROYAPETTAH,3,1000,1,50000
ROYAPETTAH,3,1500,1,45000
TRIPLICANE,0,300,0,4000
TRIPLICANE,0,100,1,9000
TRIPLICANE,0,250,0,6500
TRIPLICANE,0,250,0,8000
TRIPLICANE,0,250,1,10000
TRIPLICANE,0,150,0,5500
TRIPLICANE,1,400,1,12000
TRIPLICANE,1,800,1,16000
TRIPLICANE,1,400,0,13000
TRIPLICANE,1,450,0,7500
TRIPLICANE,1,325,0,8000
TRIPLICANE,1,350,0,9000
TRIPLICANE,2,600,1,20000
TRIPLICANE,2,560,0,15000
TRIPLICANE,2,600,1,13000
TRIPLICANE,2,850,0,15000
TRIPLICANE,2,750,0,22000
TRIPLICANE,2,800,0,20000
TRIPLICANE,3,880,1,23000
TRIPLICANE,3,900,0,20000
TRIPLICANE,3,1300,0,33000
TRIPLICANE,3,1700,1,40000
TRIPLICANE,3,1450,1,35000
TRIPLICANE,3,1500,1,50000
KILPAUK,0,350,1,11000
KILPAUK,0,250,1,6000
KILPAUK,0,200,0,5500
KILPAUK,0,300,0,9000
KILPAUK,0,400,1,15000
KILPAUK,0,500,1,16000
KILPAUK,1,420,0,15000
KILPAUK,1,470,0,9000
KILPAUK,1,750,1,17500
KILPAUK,1,350,0,8000
KILPAUK,1,400,0,15000
KILPAUK,1,750,1,15000
KILPAUK,2,1200,1,37000
KILPAUK,2,1050,1,50000
KILPAUK,2,1150,1,25000
KILPAUK,2,1400,1,30000
KILPAUK,2,850,0,25000
KILPAUK,2,1050,1,40000
KILPAUK,3,1500,1,75000
KILPAUK,3,1750,1,65000
KILPAUK,3,1100,1,40000
KILPAUK,3,1500,1,43000
KILPAUK,3,1900,1,60000
KILPAUK,3,1500,1,55000
PERAMBUR,0,250,0,6000
PERAMBUR,0,350,1,11000
PERAMBUR,0,250,0,6000
PERAMBUR,0,200,0,5500
PERAMBUR,0,300,0,9000
PERAMBUR,0,400,1,15000
PERAMBUR,1,420,0,15000
PERAMBUR,1,500,0,5500
PERAMBUR,1,470,0,9000
PERAMBUR,1,350,0,8000
PERAMBUR,1,400,0,15000
PERAMBUR,1,750,1,15000
PERAMBUR,2,1400,1,30000
PERAMBUR,2,850,0,25000
PERAMBUR,2,1050,1,50000
PERAMBUR,2,1150,1,25000
PERAMBUR,2,1050,1,40000
PERAMBUR,2,720,1,24000
PERAMBUR,3,1500,1,75000
PERAMBUR,3,1750,1,65000
PERAMBUR,3,1100,1,40000
PERAMBUR,3,1100,1,26000
PERAMBUR,3,1500,1,43000
PERAMBUR,3,1900,1,60000
KOLATHUR,0,100,0,5000
KOLATHUR,0,350,0,3500
KOLATHUR,0,180,0,7000
KOLATHUR,0,180,1,5000
KOLATHUR,0,200,0,3000
KOLATHUR,0,200,0,4500
KOLATHUR,1,600,1,8000
KOLATHUR,1,800,1,8000
KOLATHUR,1,400,1,10000
KOLATHUR,1,500,0,8000
KOLATHUR,1,400,0,8000
KOLATHUR,1,300,1,5500
KOLATHUR,2,1000,1,20000
KOLATHUR,2,1200,1,14000
KOLATHUR,2,650,1,13000
KOLATHUR,2,1000,0,15000
KOLATHUR,2,960,1,14000
KOLATHUR,2,1050,1,17000
KOLATHUR,3,1500,1,30000
KOLATHUR,3,1200,1,33000
KOLATHUR,3,850,0,19000
KOLATHUR,3,1000,0,18000
KOLATHUR,3,1700,1,23000
KOLATHUR,3,1800,1,30000
VILLIVAKKAM,0,250,0,3500
VILLIVAKKAM,0,500,1,5500
VILLIVAKKAM,0,400,0,3500
VILLIVAKKAM,0,150,1,5000
VILLIVAKKAM,0,450,0,9500
VILLIVAKKAM,0,100,0,5000
VILLIVAKKAM,1,450,1,10000
VILLIVAKKAM,1,420,0,8500
VILLIVAKKAM,1,500,0,7500
VILLIVAKKAM,1,1200,1,20000
VILLIVAKKAM,1,700,0,15000
VILLIVAKKAM,1,420,0,9000
VILLIVAKKAM,2,800,1,18000
VILLIVAKKAM,2,1200,0,18000
VILLIVAKKAM,2,850,1,10000
VILLIVAKKAM,2,1100,1,18000
VILLIVAKKAM,2,980,0,30000
VILLIVAKKAM,2,1300,1,19000
VILLIVAKKAM,3,1100,1,22000
VILLIVAKKAM,3,1200,1,25000
VILLIVAKKAM,3,1750,1,30000
VILLIVAKKAM,3,1200,1,20000
VILLIVAKKAM,3,1800,1,30000
VILLIVAKKAM,3,1000,1,20000
KOYAMBEDU,0,500,1,7000
KOYAMBEDU,0,250,0,4000
KOYAMBEDU,0,150,0,5000
KOYAMBEDU,0,250,1,5000
KOYAMBEDU,0,750,1,5000
KOYAMBEDU,0,300,0,5000
KOYAMBEDU,1,600,0,7000
KOYAMBEDU,1,400,1,7000
KOYAMBEDU,1,500,0,7000
KOYAMBEDU,1,600,1,12000
KOYAMBEDU,1,550,0,7800
KOYAMBEDU,1,450,0,10000
KOYAMBEDU,2,900,1,18000
KOYAMBEDU,2,1050,1,60000
KOYAMBEDU,2,1250,1,60000
KOYAMBEDU,2,1100,1,35000
KOYAMBEDU,2,600,1,15000
KOYAMBEDU,2,900,1,42000
KOYAMBEDU,3,1700,1,90000
KOYAMBEDU,3,1470,1,50000
KOYAMBEDU,3,1750,1,90000
KOYAMBEDU,3,1500,1,50000
KOYAMBEDU,3,1550,1,52000
KOYAMBEDU,3,1450,1,50000
MOGAPPAIR,0,250,0,6500
MOGAPPAIR,0,110,0,6000
MOGAPPAIR,0,250,0,5000
MOGAPPAIR,0,200,0,6000
MOGAPPAIR,0,300,0,8000
MOGAPPAIR,0,500,1,8000
MOGAPPAIR,1,560,0,8000
MOGAPPAIR,1,450,0,9000
MOGAPPAIR,1,500,0,12000
MOGAPPAIR,1,850,1,17000
MOGAPPAIR,1,400,0,7900
MOGAPPAIR,1,600,0,8500
MOGAPPAIR,2,800,0,16000
MOGAPPAIR,2,645,1,15000
MOGAPPAIR,2,857,1,16000
MOGAPPAIR,2,1100,0,18000
MOGAPPAIR,2,900,1,28000
MOGAPPAIR,2,650,1,14000
MOGAPPAIR,3,1400,0,40000
MOGAPPAIR,3,1650,0,65000
MOGAPPAIR,3,1400,1,45000
MOGAPPAIR,3,1250,1,25000
MOGAPPAIR,3,2100,1,33000
MOGAPPAIR,3,1300,1,30000
AMBATTUR,0,250,0,7000
AMBATTUR,0,300,1,4000
AMBATTUR,0,480,0,10000
AMBATTUR,0,225,1,5000
AMBATTUR,0,250,0,7000
AMBATTUR,0,400,0,5000
AMBATTUR,1,500,1,12000
AMBATTUR,1,600,0,7000
AMBATTUR,1,550,0,7300
AMBATTUR,1,550,1,8000
AMBATTUR,1,550,1,7500
AMBATTUR,1,400,0,6000
AMBATTUR,2,1000,1,15500
AMBATTUR,2,1400,1,22000
AMBATTUR,2,1800,0,18000
AMBATTUR,2,850,0,17000
AMBATTUR,2,900,1,17000
AMBATTUR,2,800,1,25000
AMBATTUR,3,1350,1,20000
AMBATTUR,3,1110,1,17500
AMBATTUR,3,1100,1,14000
AMBATTUR,3,900,1,13500
AMBATTUR,3,1400,1,25000
AMBATTUR,3,1400,1,20000
AVADI,0,250,1,4500
AVADI,0,100,0,2500
AVADI,0,150,0,4500
AVADI,0,400,0,4000
AVADI,0,160,1,5000
AVADI,0,150,0,3000
AVADI,1,600,0,6000
AVADI,1,400,0,5000
AVADI,1,300,0,5000
AVADI,1,450,0,9000
AVADI,1,400,0,7000
AVADI,1,550,0,9000
AVADI,2,800,0,9000
AVADI,2,860,0,10000
AVADI,2,1000,1,7000
AVADI,2,800,0,15000
AVADI,2,1100,1,18000
AVADI,2,700,1,10000
AVADI,3,1500,1,25000
AVADI,3,1200,1,22000
AVADI,3,1500,1,31000
AVADI,3,1500,1,22000
AVADI,3,2000,1,15000
AVADI,3,1600,0,23000
PORUR,0,200,0,5000
PORUR,0,200,0,4500
PORUR,0,230,0,4500
PORUR,0,160,1,5000
PORUR,0,200,0,3000
PORUR,0,100,0,1500
PORUR,1,450,0,10000
PORUR,1,700,0,7500
PORUR,1,350,0,7000
PORUR,1,450,0,9000
PORUR,1,300,1,12000
PORUR,1,700,0,8000
PORUR,2,1110,1,36000
PORUR,2,1150,1,33000
PORUR,2,850,1,19000
PORUR,2,600,1,23000
PORUR,2,700,0,15000
PORUR,2,780,1,18000
PORUR,3,1800,1,57000
PORUR,3,1200,1,28000
PORUR,3,1500,1,45000
PORUR,3,1220,1,33000
PORUR,3,1780,1,35000
PORUR,3,1500,1,55000
VALASARAVAKKAM,0,100,0,4500
VALASARAVAKKAM,0,200,1,3000
VALASARAVAKKAM,0,350,0,7000
VALASARAVAKKAM,0,170,0,9000
VALASARAVAKKAM,0,350,1,5000
VALASARAVAKKAM,0,250,0,7000
VALASARAVAKKAM,1,600,1,10000
VALASARAVAKKAM,1,500,0,5500
VALASARAVAKKAM,1,500,0,15000
VALASARAVAKKAM,1,500,1,12000
VALASARAVAKKAM,1,975,0,14000
VALASARAVAKKAM,1,400,1,6000
VALASARAVAKKAM,2,1030,1,22000
VALASARAVAKKAM,2,800,1,25000
VALASARAVAKKAM,2,800,1,21000
VALASARAVAKKAM,2,1117,1,33000
VALASARAVAKKAM,2,600,0,16000
VALASARAVAKKAM,2,1200,1,25000
VALASARAVAKKAM,3,1050,1,23000
VALASARAVAKKAM,3,2400,1,60000
VALASARAVAKKAM,3,1570,1,69000
VALASARAVAKKAM,3,1500,1,37000
VALASARAVAKKAM,3,1200,1,30000
VALASARAVAKKAM,3,1350,1,30000
VADAPALANI,0,250,0,7500
VADAPALANI,0,250,0,4500
VADAPALANI,0,380,0,8000
VADAPALANI,0,300,0,7500
VADAPALANI,0,200,1,10000
VADAPALANI,0,350,1,6500
VADAPALANI,1,550,0,11500
VADAPALANI,1,700,1,20000
VADAPALANI,1,400,0,10000
VADAPALANI,1,700,0,11500
VADAPALANI,1,400,0,10000
VADAPALANI,1,500,1,21000
VADAPALANI,2,760,1,20000
VADAPALANI,2,710,1,18000
VADAPALANI,2,1300,1,29000
VADAPALANI,2,1000,1,32000
VADAPALANI,2,600,1,24000
VADAPALANI,2,800,1,30000
VADAPALANI,3,1550,1,60000
VADAPALANI,3,1500,1,42000
VADAPALANI,3,1070,1,26000
VADAPALANI,3,1520,1,25000
VADAPALANI,3,1500,1,40000
VADAPALANI,3,1800,0,25000
MADIPAKKAM,0,250,1,12000
MADIPAKKAM,0,220,1,6000
MADIPAKKAM,0,230,1,7500
MADIPAKKAM,0,450,0,7000
MADIPAKKAM,0,300,0,8000
MADIPAKKAM,0,200,1,5500
MADIPAKKAM,1,400,0,12000
MADIPAKKAM,1,350,0,8000
MADIPAKKAM,1,900,0,10000
MADIPAKKAM,1,520,0,11000
MADIPAKKAM,1,550,0,8000
MADIPAKKAM,1,550,1,12000
MADIPAKKAM,2,950,1,18500
MADIPAKKAM,2,1000,1,21000
MADIPAKKAM,2,750,0,16000
MADIPAKKAM,2,1000,1,30000
MADIPAKKAM,2,1050,1,22000
MADIPAKKAM,2,850,1,15000
MADIPAKKAM,3,1450,1,35000
MADIPAKKAM,3,1600,1,35000
MADIPAKKAM,3,1600,0,23500
MADIPAKKAM,3,1200,1,38000
MADIPAKKAM,3,1300,1,25000
MADIPAKKAM,3,1500,1,35000
PALLIKARANAI,0,200,0,5500
PALLIKARANAI,0,400,1,12000
PALLIKARANAI,0,236,0,4700
PALLIKARANAI,0,250,0,6000
PALLIKARANAI,0,500,1,13000
PALLIKARANAI,0,400,0,10000
PALLIKARANAI,1,800,0,8500
PALLIKARANAI,1,650,0,9000
PALLIKARANAI,1,650,1,12000
PALLIKARANAI,1,320,1,15000
PALLIKARANAI,1,600,1,10000
PALLIKARANAI,1,600,1,18000
PALLIKARANAI,2,850,1,20000
PALLIKARANAI,2,900,1,25000
PALLIKARANAI,2,1000,1,26000
PALLIKARANAI,2,1250,1,20000
PALLIKARANAI,2,900,1,16000
PALLIKARANAI,2,1150,1,18000
PALLIKARANAI,3,1250,1,25000
PALLIKARANAI,3,1300,1,27000
PALLIKARANAI,3,1500,1,43000
PALLIKARANAI,3,1200,0,23000
PALLIKARANAI,3,1300,1,25000
PALLIKARANAI,3,1500,1,45000
THORAIPAKKAM,0,120,1,7500
THORAIPAKKAM,0,150,1,8000
THORAIPAKKAM,0,200,0,15000
THORAIPAKKAM,0,200,0,8000
THORAIPAKKAM,0,500,1,12500
THORAIPAKKAM,0,420,1,10000
THORAIPAKKAM,1,600,1,17000
THORAIPAKKAM,1,630,0,12000
THORAIPAKKAM,1,600,1,25000
THORAIPAKKAM,1,500,1,25000
THORAIPAKKAM,1,600,0,15000
THORAIPAKKAM,1,800,1,23000
THORAIPAKKAM,2,800,0,20000
THORAIPAKKAM,2,900,1,27000
THORAIPAKKAM,2,1200,0,30000
THORAIPAKKAM,2,800,0,25000
THORAIPAKKAM,2,900,1,20000
THORAIPAKKAM,2,1000,1,30000
THORAIPAKKAM,3,1200,1,35000
THORAIPAKKAM,3,2000,1,75000
THORAIPAKKAM,3,1500,1,48000
THORAIPAKKAM,3,1500,0,35000
THORAIPAKKAM,3,1500,1,50000
THORAIPAKKAM,3,1300,1,60000
SHOLINGANALLUR,0,250,1,6000
SHOLINGANALLUR,0,300,0,7000
SHOLINGANALLUR,0,450,0,15000
SHOLINGANALLUR,0,250,0,9000
SHOLINGANALLUR,0,250,1,6000
SHOLINGANALLUR,0,200,1,10000
SHOLINGANALLUR,1,500,1,15000
SHOLINGANALLUR,1,445,0,7000
SHOLINGANALLUR,1,900,1,25000
SHOLINGANALLUR,1,450,0,15000
SHOLINGANALLUR,1,1500,0,18500
SHOLINGANALLUR,1,650,0,16500
SHOLINGANALLUR,2,1000,1,29000
SHOLINGANALLUR,2,1150,1,33000
SHOLINGANALLUR,2,1000,1,28000
SHOLINGANALLUR,2,900,0,20000
SHOLINGANALLUR,2,900,0,21000
SHOLINGANALLUR,2,1000,1,22000
SHOLINGANALLUR,3,1300,1,38000
SHOLINGANALLUR,3,11700,1,35000
SHOLINGANALLUR,3,1750,1,27000
SHOLINGANALLUR,3,1400,1,40000
SHOLINGANALLUR,3,1900,1,32000
SHOLINGANALLUR,3,2000,0,36000
PERUNGUDI,0,120,1,7500
PERUNGUDI,0,350,1,12000
PERUNGUDI,0,120,0,4000
PERUNGUDI,0,100,0,5500
PERUNGUDI,0,250,1,10000
PERUNGUDI,0,300,1,10000
PERUNGUDI,1,300,0,13000
PERUNGUDI,1,650,0,10000
PERUNGUDI,1,600,0,10000
PERUNGUDI,1,400,0,12000
PERUNGUDI,1,500,0,12000
PERUNGUDI,1,400,1,15000
PERUNGUDI,2,900,1,27000
PERUNGUDI,2,1000,1,33000
PERUNGUDI,2,1000,1,32000
PERUNGUDI,2,1000,1,42000
PERUNGUDI,2,875,1,50000
PERUNGUDI,2,1850,1,50000
PERUNGUDI,3,2000,1,42000
PERUNGUDI,3,1800,1,40000
PERUNGUDI,3,1200,0,30000
PERUNGUDI,3,1250,0,32000
PERUNGUDI,3,1800,1,40000
PERUNGUDI,3,2000,0,35000
NAVALUR,0,300,0,5000
NAVALUR,0,150,1,9000
NAVALUR,0,150,1,4500
NAVALUR,0,270,0,8000
NAVALUR,0,600,0,6000
NAVALUR,0,200,0,8000
NAVALUR,1,600,1,30000
NAVALUR,1,500,1,27000
NAVALUR,1,600,1,29000
NAVALUR,1,580,1,25000
NAVALUR,1,500,1,28000
NAVALUR,1,900,1,20000
NAVALUR,2,1200,1,20000
NAVALUR,2,1150,1,35000
NAVALUR,2,800,1,25000
NAVALUR,2,1000,1,22000
NAVALUR,2,1180,0,30000
NAVALUR,2,700,1,45000
NAVALUR,3,1450,1,40000
NAVALUR,3,1500,1,60000
NAVALUR,3,1400,1,55000
NAVALUR,3,1500,1,50000
NAVALUR,3,1600,1,55000
NAVALUR,3,1500,0,35000
INJAMBAKKAM,0,300,1,6000
INJAMBAKKAM,0,400,0,5000
INJAMBAKKAM,0,200,0,3000
INJAMBAKKAM,0,300,1,9000
INJAMBAKKAM,0,200,0,7000
INJAMBAKKAM,0,300,0,8000
INJAMBAKKAM,1,430,1,15000
INJAMBAKKAM,1,350,0,8000
INJAMBAKKAM,1,680,0,11000
INJAMBAKKAM,1,640,1,16000
INJAMBAKKAM,1,500,1,18000
INJAMBAKKAM,1,600,1,15000
INJAMBAKKAM,2,1200,1,25000
INJAMBAKKAM,2,1050,1,26000
INJAMBAKKAM,2,1200,0,35000
INJAMBAKKAM,2,1300,1,35000
INJAMBAKKAM,2,1100,0,20000
INJAMBAKKAM,2,600,0,15000
INJAMBAKKAM,3,2700,1,35000
INJAMBAKKAM,3,1500,1,42000
INJAMBAKKAM,3,1370,1,36000
INJAMBAKKAM,3,1550,1,42000
INJAMBAKKAM,3,2000,0,32000
INJAMBAKKAM,3,1800,1,50000
TAMBARAM,0,500,0,3000
TAMBARAM,0,500,0,6000
TAMBARAM,0,250,0,5000
TAMBARAM,0,800,1,4000
TAMBARAM,0,100,1,7000
TAMBARAM,0,250,0,4200
TAMBARAM,1,450,0,8000
TAMBARAM,1,600,1,6000
TAMBARAM,1,600,0,13500
TAMBARAM,1,750,0,8500
TAMBARAM,1,550,0,12000
TAMBARAM,1,700,0,15000
TAMBARAM,2,900,1,20000
TAMBARAM,2,1000,0,23000
TAMBARAM,2,1000,1,15000
TAMBARAM,2,900,0,25000
TAMBARAM,2,750,0,24000
TAMBARAM,2,750,0,15500
TAMBARAM,3,1400,0,21000
TAMBARAM,3,900,0,20000
TAMBARAM,3,1550,0,2500
TAMBARAM,3,1200,0,18000
TAMBARAM,3,1300,1,30000
TAMBARAM,3,1600,1,30000
CHROMPET,0,500,0,5500
CHROMPET,0,200,0,4500
CHROMPET,0,250,1,4000
CHROMPET,0,200,0,4000
CHROMPET,0,200,0,7000
CHROMPET,0,200,1,8000
CHROMPET,1,600,0,8000
CHROMPET,1,650,0,9500
CHROMPET,1,500,0,12000
CHROMPET,1,450,1,18500
CHROMPET,1,450,0,8000
CHROMPET,1,500,0,12000
CHROMPET,2,500,0,18000
CHROMPET,2,700,0,13500
CHROMPET,2,800,1,20000
CHROMPET,2,700,0,13000
CHROMPET,2,1500,0,12000
CHROMPET,2,800,1,13000
CHROMPET,3,800,0,35000
CHROMPET,3,1180,1,22000
CHROMPET,3,1400,1,25000
CHROMPET,3,1100,1,30000
CHROMPET,3,1000,1,25000
PALLAVARAM,3,1200,0,22000
PALLAVARAM,0,500,0,9000
PALLAVARAM,0,450,1,9500
PALLAVARAM,0,200,0,7400
PALLAVARAM,0,250,0,4000
PALLAVARAM,0,300,0,4000
PALLAVARAM,0,200,1,7500
PALLAVARAM,1,400,0,15000
PALLAVARAM,1,800,1,18000
PALLAVARAM,1,900,0,16000
PALLAVARAM,1,800,1,15000
PALLAVARAM,1,550,0,12500
PALLAVARAM,1,500,0,11000
PALLAVARAM,2,1100,1,25000
PALLAVARAM,2,800,1,26000
PALLAVARAM,2,800,0,15000
PALLAVARAM,2,1000,1,26000
PALLAVARAM,2,1400,1,25000
PALLAVARAM,2,730,0,17000
PALLAVARAM,3,1500,1,65000
PALLAVARAM,3,1500,1,50000
PALLAVARAM,3,1400,1,30000
PALLAVARAM,3,1800,0,35000
PALLAVARAM,3,1800,1,40000
PALLAVARAM,3,2000,1,30000
MEDAVAKKAM,0,400,0,8000
MEDAVAKKAM,0,250,1,6000
MEDAVAKKAM,0,400,0,7000
MEDAVAKKAM,0,170,0,6000
MEDAVAKKAM,0,300,0,7000
MEDAVAKKAM,0,550,0,8000
MEDAVAKKAM,1,600,0,7000
MEDAVAKKAM,1,500,0,9000
MEDAVAKKAM,1,700,0,13000
MEDAVAKKAM,1,800,0,11000
MEDAVAKKAM,1,500,1,13000
MEDAVAKKAM,1,450,0,9500
MEDAVAKKAM,2,920,1,30000
MEDAVAKKAM,2,1050,1,22000
MEDAVAKKAM,2,1100,1,40000
MEDAVAKKAM,2,920,1,22000
MEDAVAKKAM,2,1000,1,30000
MEDAVAKKAM,2,900,0,20000
MEDAVAKKAM,3,1200,0,28000
MEDAVAKKAM,3,1500,1,26000
MEDAVAKKAM,3,1400,1,38000
MEDAVAKKAM,3,1500,1,45000
MEDAVAKKAM,3,1500,1,50000
MEDAVAKKAM,3,1300,1,30000
SELAIYUR,0,350,0,6000
SELAIYUR,0,300,0,6000
SELAIYUR,0,300,0,7000
SELAIYUR,0,350,0,4000
SELAIYUR,0,450,0,6000
SELAIYUR,0,200,0,6500
SELAIYUR,1,500,0,8000
SELAIYUR,1,500,1,12000
SELAIYUR,1,650,0,12000
SELAIYUR,1,500,1,10000
SELAIYUR,1,550,1,15000
SELAIYUR,1,450,0,13000
SELAIYUR,2,900,1,20000
SELAIYUR,2,1000,1,22000
SELAIYUR,2,550,0,12000
SELAIYUR,2,950,1,18000
SELAIYUR,2,900,0,15000
SELAIYUR,2,1100,1,15000
SELAIYUR,3,1650,0,30000
SELAIYUR,3,1600,0,30000
SELAIYUR,3,2200,1,40000
SELAIYUR,3,2000,1,40000
SELAIYUR,3,1300,1,30000
SELAIYUR,3,1500,1,25000
POONAMALLEE,0,250,0,6000
POONAMALLEE,0,400,0,7500
POONAMALLEE,0,400,0,5700
POONAMALLEE,0,150,1,7000
POONAMALLEE,0,200,0,6000
POONAMALLEE,0,300,1,7000
POONAMALLEE,1,600,1,8000
POONAMALLEE,1,700,0,12000
POONAMALLEE,1,500,0,6000
POONAMALLEE,1,400,0,5500
POONAMALLEE,1,500,1,7000
POONAMALLEE,1,400,1,7000
POONAMALLEE,2,740,1,9000
POONAMALLEE,2,1200,1,20000
POONAMALLEE,2,640,0,10000
POONAMALLEE,2,1000,1,13000
POONAMALLEE,2,750,1,13000
POONAMALLEE,2,800,0,12000
POONAMALLEE,3,1400,1,25000
POONAMALLEE,3,1200,0,18000
POONAMALLEE,3,1500,1,20000
POONAMALLEE,3,1040,1,27000
POONAMALLEE,3,1450,1,25000
POONAMALLEE,3,1200,0,32000
THIRUVANMIYUR,0,250,1,7000
THIRUVANMIYUR,0,400,1,9000
THIRUVANMIYUR,0,200,0,8000
THIRUVANMIYUR,0,100,0,5000
THIRUVANMIYUR,0,200,0,5500
THIRUVANMIYUR,0,450,0,4500
THIRUVANMIYUR,1,700,1,15000
THIRUVANMIYUR,1,600,0,9000
THIRUVANMIYUR,1,450,0,9000
THIRUVANMIYUR,1,400,0,15000
THIRUVANMIYUR,1,200,0,12500
THIRUVANMIYUR,1,280,0,15500
THIRUVANMIYUR,2,1100,1,30000
THIRUVANMIYUR,2,1080,1,28000
THIRUVANMIYUR,2,600,1,15000
THIRUVANMIYUR,2,1100,1,35000
THIRUVANMIYUR,2,600,1,20000
THIRUVANMIYUR,2,1100,1,38000
THIRUVANMIYUR,3,1300,1,47000
THIRUVANMIYUR,3,1400,1,60000
THIRUVANMIYUR,3,1200,1,50000
THIRUVANMIYUR,3,1400,1,60000
THIRUVANMIYUR,3,2500,1,75000
THIRUVANMIYUR,3,1700,1,45000
EGMORE,0,100,1,6000
EGMORE,0,300,0,10000
EGMORE,0,200,1,8500
EGMORE,0,120,0,5000
EGMORE,0,200,0,7000
EGMORE,0,200,0,5000
EGMORE,1,450,0,13000
EGMORE,1,400,1,16000
EGMORE,1,250,0,12000
EGMORE,1,500,0,14000
EGMORE,1,600,1,11500
EGMORE,1,400,0,10500
EGMORE,2,600,0,20000
EGMORE,2,750,0,15000
EGMORE,2,450,1,15000
EGMORE,2,1500,0,20000
EGMORE,2,1200,0,23000
EGMORE,2,700,1,25000
EGMORE,3,1000,0,35000
EGMORE,3,980,1,23000
EGMORE,3,1700,1,60000
EGMORE,3,1200,1,35000
EGMORE,3,1400,0,45000
EGMORE,3,1500,1,50000
KARAPAKKAM,0,300,1,10000
KARAPAKKAM,0,300,0,6000
KARAPAKKAM,0,300,0,8000
KARAPAKKAM,0,450,0,15000
KARAPAKKAM,0,100,1,15000
KARAPAKKAM,0,300,0,5500
KARAPAKKAM,1,600,1,15000
KARAPAKKAM,1,750,1,25000
KARAPAKKAM,1,400,0,15000
KARAPAKKAM,1,500,1,12000
KARAPAKKAM,1,660,0,17000
KARAPAKKAM,1,400,1,12000
KARAPAKKAM,2,1000,1,25000
KARAPAKKAM,2,1000,1,36000
KARAPAKKAM,2,800,0,20000
KARAPAKKAM,2,720,1,42000
KARAPAKKAM,2,900,1,36000
KARAPAKKAM,2,1100,1,4000
KARAPAKKAM,3,1600,1,39000
KARAPAKKAM,3,2000,1,41000
KARAPAKKAM,3,1400,0,40000
KARAPAKKAM,3,1300,1,36000
KARAPAKKAM,3,1400,1,46000
KARAPAKKAM,3,1400,1,34000
PERUNGALATHUR,0,200,0,3500
PERUNGALATHUR,0,1170,1,4500
PERUNGALATHUR,0,200,0,7000
PERUNGALATHUR,0,150,0,4000
PERUNGALATHUR,0,250,0,600
PERUNGALATHUR,0,650,0,4000
PERUNGALATHUR,1,450,0,15000
PERUNGALATHUR,1,450,1,10000
PERUNGALATHUR,1,600,0,12000
PERUNGALATHUR,1,500,1,12500
PERUNGALATHUR,1,400,0,10000
PERUNGALATHUR,1,500,0,9000
PERUNGALATHUR,2,1000,1,25000
PERUNGALATHUR,2,1000,1,15000
PERUNGALATHUR,2,1200,1,30000
PERUNGALATHUR,2,1800,0,16000
PERUNGALATHUR,2,800,0,15000
PERUNGALATHUR,2,1000,0,15000
PERUNGALATHUR,3,1500,1,45000
PERUNGALATHUR,3,1800,1,45000
PERUNGALATHUR,3,1500,0,30000
PERUNGALATHUR,3,1800,1,45000
PERUNGALATHUR,3,1840,1,60000
PERUNGALATHUR,3,1500,1,40000
SIRUSERI,0,200,0,5000
SIRUSERI,0,300,0,8000
SIRUSERI,0,200,0,7000
SIRUSERI,0,350,0,5000
SIRUSERI,0,250,0,5000
SIRUSERI,0,300,1,6000
SIRUSERI,1,450,0,8500
SIRUSERI,1,650,1,15000
SIRUSERI,1,600,0,10000
SIRUSERI,1,650,1,15000
SIRUSERI,1,450,0,8500
SIRUSERI,1,250,0,9500
SIRUSERI,2,660,1,25000
SIRUSERI,2,750,1,25000
SIRUSERI,2,760,1,16000
SIRUSERI,2,920,0,15000
SIRUSERI,2,1000,0,20000
SIRUSERI,2,660,1,23000
SIRUSERI,3,1800,1,30000
SIRUSERI,3,1600,1,35000
SIRUSERI,3,1400,1,34000
SIRUSERI,3,1500,1,33000
SIRUSERI,3,1700,1,30000
SIRUSERI,3,1500,1,30000
